{
  "version": 1,
  "author": "AEGIS Node Team",
  "editor": "wokwi",
  "parts": [
    { "type": "wokwi-esp32-devkit-v1", "id": "esp", "top": 0, "left": 0, "attrs": {} },
    {
      "type": "wokwi-neopixel-ring",
      "id": "ring",
      "top": -150,
      "left": 120,
      "attrs": { "pixels": "16" }
    },
    { "type": "wokwi-buzzer", "id": "bz1", "top": 31.2, "left": -180.6, "attrs": {} },
    {
      "type": "wokwi-pushbutton",
      "id": "btn_crash",
      "top": 54.2,
      "left": 240,
      "attrs": { "color": "red" }
    },
    {
      "type": "wokwi-pushbutton",
      "id": "btn_siren",
      "top": 150.2,
      "left": 249.6,
      "attrs": { "color": "blue" }
    },
    {
      "type": "wokwi-led-ring",
      "id": "ring1",
      "top": -104.96,
      "left": -133.21,
      "attrs": { "pixels": "16" }
    }
  ],
  "connections": [
    [ "esp:GND.1", "ring:GND", "black", [ "v0" ] ],
    [ "esp:VIN", "ring:VCC", "red", [ "v0" ] ],
    [ "esp:D15", "ring:DIN", "yellow", [ "v0" ] ],
    [ "esp:GND.1", "bz1:GND", "black", [ "v0" ] ],
    [ "esp:D2", "bz1:SIG", "orange", [ "v0" ] ],
    [ "esp:GND.2", "btn_crash:2.L", "black", [ "v0" ] ],
    [ "esp:D12", "btn_crash:1.L", "red", [ "v0" ] ],
    [ "esp:GND.2", "btn_siren:2.L", "black", [ "v0" ] ],
    [ "esp:D14", "btn_siren:1.L", "blue", [ "v0" ] ],
    [ "bz1:2", "esp:D2", "green", [ "v0" ] ],
    [ "bz1:1", "esp:GND.2", "green", [ "v0" ] ],
    [ "ring1:DIN", "esp:D15", "green", [ "v0" ] ],
    [ "ring1:VCC", "esp:VIN", "red", [ "v0" ] ],
    [ "ring1:GND", "esp:GND.2", "black", [ "v0" ] ],
    [ "btn_crash:1.l", "esp:D12", "green", [ "h0" ] ],
    [ "btn_siren:1.l", "esp:D14", "green", [ "h0" ] ]
  ],
  "dependencies": {}
}